machine_name,coordinate,value_avg,increase_in_value,samples_cnt
Crusher A,3V,16.442645833333327,0.3839999999999897,144
Conveyer 3 ,1A,16.030944444444454,-0.26338194444443275,144
Main Mill,3V,15.546569444444446,-0.2648194444444325,144
